{"0": {"index": 1, "time_frame": 4.210632911392405}, "1": {"index": 6, "time_frame": 25.263797468354426}, "2": {"index": 8, "time_frame": 33.68506329113924}, "3": {"index": 13, "time_frame": 54.73822784810126}, "4": {"index": 20, "time_frame": 84.2126582278481}, "5": {"index": 23, "time_frame": 96.84455696202531}, "6": {"index": 26, "time_frame": 109.47645569620252}, "7": {"index": 27, "time_frame": 113.68708860759493}, "8": {"index": 28, "time_frame": 117.89772151898732}, "9": {"index": 29, "time_frame": 122.10835443037973}, "10": {"index": 31, "time_frame": 130.52962025316455}, "11": {"index": 36, "time_frame": 151.58278481012655}, "12": {"index": 37, "time_frame": 155.79341772151898}, "13": {"index": 38, "time_frame": 160.00405063291137}, "14": {"index": 40, "time_frame": 168.4253164556962}, "15": {"index": 42, "time_frame": 176.84658227848098}, "16": {"index": 43, "time_frame": 181.0572151898734}, "17": {"index": 46, "time_frame": 193.68911392405062}, "18": {"index": 48, "time_frame": 202.1103797468354}, "19": {"index": 50, "time_frame": 210.53164556962022}, "20": {"index": 51, "time_frame": 214.74227848101265}, "21": {"index": 53, "time_frame": 223.16354430379744}, "22": {"index": 54, "time_frame": 227.37417721518986}, "23": {"index": 55, "time_frame": 231.58481012658225}, "24": {"index": 56, "time_frame": 235.79544303797465}, "25": {"index": 57, "time_frame": 240.00607594936707}, "26": {"index": 59, "time_frame": 248.42734177215186}, "27": {"index": 60, "time_frame": 252.6379746835443}, "28": {"index": 61, "time_frame": 256.84860759493665}, "29": {"index": 62, "time_frame": 261.0592405063291}, "30": {"index": 64, "time_frame": 269.4805063291139}, "31": {"index": 65, "time_frame": 273.6911392405063}, "32": {"index": 68, "time_frame": 286.32303797468353}}