{"2": {"index": 2, "time_frame": 8.42126582278481}, "7": {"index": 7, "time_frame": 29.47443037974683}, "9": {"index": 9, "time_frame": 37.89569620253164}, "14": {"index": 14, "time_frame": 58.94886075949366}, "21": {"index": 21, "time_frame": 88.42329113924049}, "24": {"index": 24, "time_frame": 101.0551898734177}, "27": {"index": 27, "time_frame": 113.68708860759493}, "28": {"index": 28, "time_frame": 117.89772151898732}, "29": {"index": 29, "time_frame": 122.10835443037973}, "30": {"index": 30, "time_frame": 126.31898734177214}, "32": {"index": 32, "time_frame": 134.74025316455695}, "37": {"index": 37, "time_frame": 155.79341772151898}, "38": {"index": 38, "time_frame": 160.00405063291137}, "39": {"index": 39, "time_frame": 164.21468354430377}, "41": {"index": 41, "time_frame": 172.63594936708859}, "43": {"index": 43, "time_frame": 181.0572151898734}, "44": {"index": 44, "time_frame": 185.2678481012658}, "47": {"index": 47, "time_frame": 197.899746835443}, "49": {"index": 49, "time_frame": 206.32101265822783}, "51": {"index": 51, "time_frame": 214.74227848101265}, "52": {"index": 52, "time_frame": 218.95291139240504}, "54": {"index": 54, "time_frame": 227.37417721518986}, "55": {"index": 55, "time_frame": 231.58481012658225}, "56": {"index": 56, "time_frame": 235.79544303797465}, "57": {"index": 57, "time_frame": 240.00607594936707}, "58": {"index": 58, "time_frame": 244.21670886075947}, "60": {"index": 60, "time_frame": 252.6379746835443}, "61": {"index": 61, "time_frame": 256.84860759493665}, "62": {"index": 62, "time_frame": 261.0592405063291}, "63": {"index": 63, "time_frame": 265.2698734177215}, "65": {"index": 65, "time_frame": 273.6911392405063}, "66": {"index": 66, "time_frame": 277.9017721518987}, "69": {"index": 69, "time_frame": 290.5336708860759}}